customer_name,city,state,total_orders,total_spent
"Sharyn Hopkins",Baldwinsville,NY,2,34807.9392
"Pamelia Newman",Monroe,NY,3,33634.2604
"Abby Gamble",Amityville,NY,2,32803.0062
"Lyndsey Bean",Fairport,NY,3,32675.0725
"Emmitt Sanchez","New York",NY,3,31925.8857
"Melanie Hayes",Liverpool,NY,2,31913.6902
"Debra Burks","Orchard Park",NY,3,27888.1834
"Elinore Aguilar","San Angelo",TX,3,25636.4531
"Corrina Sawyer",Troy,NY,2,25612.7021
"Shena Carter","Howard Beach",NY,1,24890.6244
"Abram Copeland",Harlingen,TX,1,24607.0261
"Genoveva Baldwin","Port Washington",NY,3,24433.8818
"Robby Sykes",Hempstead,NY,3,24305.1394
"Tameka Fisher","Redondo Beach",CA,3,24051.5279
"Teofila Fischer","Huntington Station",NY,2,23195.0754
"Mozelle Carter",Houston,TX,3,23049.0570
"Lorrie Becker",Garland,TX,3,23026.2923
"Guillermina Noble",Baldwinsville,NY,2,22061.0729
"Zelma Browning",Astoria,NY,2,21535.6665
"Damien Dorsey","Central Islip",NY,2,21514.4615
"Daryl Spence",Uniondale,NY,3,21150.8927
"Brigid Sharp","Santa Clara",CA,1,20648.9537
"Augustina Joyner","Mount Vernon",NY,1,20509.4254
"Cindi Larson","Howard Beach",NY,1,20177.7457
"Tenisha Lyons",Amityville,NY,2,20086.3708
"Jeanice Frost",Ossining,NY,2,19992.8648
"Williemae Holloway",Oakland,CA,3,19756.6432
"Adena Blake","Ballston Spa",NY,1,19329.9492
"Kasha Todd",Campbell,CA,3,19329.0849
"Deloris Burke","Palos Verdes Peninsula",CA,3,19043.9036
"Lizzie Joyner",Coachella,CA,2,18995.0137
"Marvin Mullins","San Diego",CA,2,18856.8770
"Bess Mcbride","Garden City",NY,1,18853.3544
"Penny Acevedo","Ballston Spa",NY,1,18670.9288
"Danielle Bond",Patchogue,NY,1,18553.7300
"Shae Hickman","Floral Park",NY,1,18281.4729
"Jimmy Russell","Howard Beach",NY,1,18278.9436
"Andreas Mayer","New Rochelle",NY,1,18114.9309
"Araceli Golden",Fullerton,CA,3,18037.2850
"Carola Rodriquez",Banning,CA,2,17861.1996
"Charmain Webster",Richardson,TX,1,17834.9634
"Janetta Aguirre",Lancaster,NY,2,17783.4874
"Ashanti Hammond",Nanuet,NY,1,17758.3490
"Jenniffer Bullock","Bay Shore",NY,1,17746.5951
"Ruthanne Franco",Astoria,NY,1,17611.9570
"Paul Lester",Vista,CA,1,17580.7168
"Charolette Rice",Sacramento,CA,3,17520.2919
"Edris Barrett",Plattsburgh,NY,1,17494.9405
"Tamela Harrell","Central Islip",NY,1,17479.9570
"Ashlee Pena",Whitestone,NY,1,17305.9384
"Ronna Butler",Encino,CA,3,17240.5623
"Fran Yang",Utica,NY,2,17225.4439
"Monica Sears","San Jose",CA,2,17193.9034
"Tobie Little",Victoria,TX,3,17123.9975
"Sheryl Chase","Floral Park",NY,1,17086.9343
"Laraine Robbins","San Angelo",TX,2,17068.4922
"Ayanna Cherry",Smithtown,NY,1,16950.0770
"Bridgette Guerra","San Lorenzo",CA,3,16935.6408
"Laure Pena","Wappingers Falls",NY,1,16890.1469
"Alejandro Haney",Wantagh,NY,1,16846.9540
"Thalia Dillard","San Angelo",TX,2,16764.1256
"Lizzette Stein","Orchard Park",NY,3,16739.9958
"Adelle Larsen","East Northport",NY,2,16651.0484
"Wynona Douglas",Harlingen,TX,1,16491.5200
"Klara Stanley",Webster,NY,1,16436.0650
"Tomasa Carson","East Elmhurst",NY,2,16338.9384
"Cleotilde Booth","Sugar Land",TX,3,16179.1167
"Ashanti Parks",Baldwin,NY,2,16025.0715
"Samual Warner",Brentwood,NY,1,15876.4261
"Jeanie Kirkland","Santa Clara",CA,2,15841.0992
"Garry Espinoza",Forney,TX,3,15766.7006
"Consuela Collier","North Tonawanda",NY,1,15455.6250
"Delmar Wise",Lockport,NY,1,15439.9468
"Elnora Simpson",Bellmore,NY,1,15416.1565
"Sarita Parks",Forney,TX,2,15314.0132
"Parthenia Holman",Ithaca,NY,1,15205.9284
"Gilbert Calhoun","East Elmhurst",NY,1,15097.9060
"Kimberely Bowen",Troy,NY,1,15087.2644
"Addie Hahn","Franklin Square",NY,1,14935.0311
"Georgetta Hardin",Canandaigua,NY,3,14877.2890
"Lashawn Ortiz",Longview,TX,3,14774.4583
"Candelaria Coffey",Merrick,NY,1,14735.4152
"Alissa Hood","New Windsor",NY,1,14567.1570
"Desmond Rose","Mount Vernon",NY,1,14566.4345
"Regenia Vaughan",Mahopac,NY,2,14529.2583
"Dortha Jarvis",Oceanside,NY,1,14405.0464
"Jana Thomas","San Jose",CA,1,14397.1379
"Earlean Pena",Rome,NY,1,14249.6462
"Bong Hebert",Torrance,CA,2,14208.3881
"Corene Wall",Atwater,CA,3,14199.9558
"Loreta Johnston","Spring Valley",NY,1,14172.2185
"Lorraine Marks","San Carlos",CA,1,14141.3394
"Saturnina Garner",Glendora,CA,3,14068.2366
"Melia Brady",Maspeth,NY,2,14011.8265
"Monty Frost",Hempstead,NY,1,13947.5449
"Petronila Norris","South El Monte",CA,2,13914.3345
"Latasha Stanley","Rockville Centre",NY,2,13854.6016
"Dorothea Chang",Astoria,NY,1,13821.5310
"Regine Gonzales",Oxnard,CA,2,13801.2997
"Robena Hill","Corpus Christi",TX,2,13783.7813
"Sophia Mcmillan",Uniondale,NY,1,13773.6277
"Tammy Austin","Lake Jackson",TX,1,13765.5468
"Karla Kirk","Palos Verdes Peninsula",CA,2,13678.3570
"Hedwig Paul","Apple Valley",CA,2,13611.6259
"Yan Mcgowan",Duarte,CA,2,13546.9484
"Alina Mcleod",Patchogue,NY,1,13287.5262
"Marlo Jefferson","Niagara Falls",NY,1,13242.9620
"Frederica Rojas",Ithaca,NY,1,13191.9384
"Reatha Perez",Holbrook,NY,1,13130.8288
"Gilberte Duke","El Paso",TX,1,13107.4410
"Kiana Rivera","Richmond Hill",NY,1,13033.5961
"Nova Hess",Duarte,CA,2,13023.9260
"Lee Dunn","San Jose",CA,1,12980.9387
"Dorthea Walker","Port Washington",NY,1,12965.7468
"Gilberto Parsons","Middle Village",NY,1,12935.9494
"Cleopatra Tate","East Elmhurst",NY,1,12909.9214
"Bernardina Cooper",Whitestone,NY,1,12867.9580
"Jenee Rasmussen",Sacramento,CA,2,12861.8789
"Merlene Vinson",Euless,TX,3,12793.6337
"Olimpia Mays","Oakland Gardens",NY,1,12774.2451
"Somer Jordan","Huntington Station",NY,1,12663.9560
"Mila Moody",Troy,NY,1,12595.0730
"Lissa Vargas",Oswego,NY,2,12551.9970
"Collene Knox","Corpus Christi",TX,1,12541.7634
"Marget Hodge",Woodhaven,NY,1,12461.5479
"Letitia Franco","Saratoga Springs",NY,1,12433.4557
"Luke Kramer",Bethpage,NY,1,12420.7130
"Cori Schwartz",Jamaica,NY,1,12400.8480
"Ira Erickson","Port Jefferson Station",NY,1,12392.9547
"Todd Waters","Bay Shore",NY,1,12381.8274
"Minerva Decker",Houston,TX,1,12369.6265
"Ardelia Cooley","Canyon Country",CA,1,12334.9570
"Dorine Roberson","Santa Cruz",CA,2,12320.1207
"Novella Ross",Glendora,CA,1,12307.9627
"Yevette Elliott","Jackson Heights",NY,1,12104.7860
"Hae Ramirez",Baldwinsville,NY,1,12089.9814
"Dorthey Jackson",Houston,TX,2,12026.9409
"Jone Bernard",Anaheim,CA,2,12010.4969
"Chantell Bridges",Buffalo,NY,1,11993.9720
"Syreeta Hendricks",Mahopac,NY,2,11979.9467
"Sheba Knapp",Woodside,NY,1,11972.9271
"Janie Herrera",Elmhurst,NY,1,11950.4766
"Jeromy Burch","San Jose",CA,2,11907.9041
"Merideth Preston",Poughkeepsie,NY,1,11832.4539
"Margret Barnett",Forney,TX,1,11831.3359
"Terra Pickett",Amsterdam,NY,1,11787.5533
"Katharina Bates",Campbell,CA,2,11776.4101
"Cesar Jackson",Liverpool,NY,2,11705.8520
"Lashawna Richardson",Baldwin,NY,1,11596.4289
"Erlinda Humphrey","New Windsor",NY,1,11588.6474
"Lashandra Turner","Long Beach",NY,1,11578.6544
"Deloris Larson",Duarte,CA,1,11479.5394
"Pinkie Kirkland","San Angelo",TX,1,11476.5364
"Moses Pope",Lawndale,CA,2,11471.8954
"Efren Oliver",Nanuet,NY,1,11463.9580
"Christoper Mccall","Bay Shore",NY,1,11462.5954
"Kallie Best",Rochester,NY,1,11428.6530
"Lanita Burton",Coachella,CA,1,11406.4285
"Yan Trevino",Uniondale,NY,1,11391.4300
"Gwendolyn Miller",Harlingen,TX,1,11349.9574
"Ouida Gregory",Merrick,NY,1,11314.0730
"Shanice Spears",Brooklyn,NY,1,11299.9720
"Dollie Cervantes","Fort Worth",TX,1,11238.6544
"Tena Huber",Newburgh,NY,1,11183.0434
"Yvone Guerrero",Merrick,NY,1,11183.0335
"Kanesha Vega",Rome,NY,2,11151.6045
"Phebe Turner",Sunnyside,NY,1,11120.3254
"Aleta Shepard","Sugar Land",TX,3,11102.4700
"Alyse Jacobson","Massapequa Park",NY,1,11062.4171
"Danny Kim","South Ozone Park",NY,1,11055.9410
"Eliana Reese",Woodhaven,NY,1,11035.8480
"Brittney Woodward","East Northport",NY,2,11035.7581
"Regina Burns",Garland,TX,1,11013.9345
"Celestine Kent",Lancaster,NY,1,10998.0295
"Trinidad Mcclain",Baldwin,NY,1,10986.9040
"Ivelisse Nixon",Houston,TX,1,10951.5614
"Edythe Valencia","North Tonawanda",NY,1,10949.9468
"Delila Hamilton","Palos Verdes Peninsula",CA,1,10869.9637
"Elouise Fry","Canyon Country",CA,1,10866.9622
"Arvilla Osborn",Upland,CA,2,10805.3354
"Jayne Kirkland",Rowlett,TX,3,10802.6294
"Felicidad Golden",Lockport,NY,1,10794.3537
"Carita Salinas",Maspeth,NY,1,10792.2470
"Coleen Navarro",Webster,NY,1,10728.4385
"Santos Valencia",Sunnyside,NY,2,10719.0988
"Leanna Manning",Hicksville,NY,1,10620.0449
"Tereasa Bird",Ronkonkoma,NY,1,10617.9730
"Shirely Stanley","El Paso",TX,1,10574.9624
"Muriel Juarez","Palos Verdes Peninsula",CA,1,10570.4719
"Emmaline Huber","Mount Vernon",NY,1,10563.6480
"Hubert Stone",Ridgecrest,CA,1,10541.9632
"Rosalva Hamilton",Campbell,CA,1,10529.9630
"Lezlie Lamb","Central Islip",NY,1,10372.0934
"Ernest Rollins","Oakland Gardens",NY,1,10360.2550
"Jamaal Albert",Torrance,CA,3,10355.3908
"Jasmin Young",Helotes,TX,1,10336.9624
"Bernetta Marquez",Smithtown,NY,1,10322.9721
"Lavina Dejesus",Newburgh,NY,1,10314.9248
"Flossie Holder","Massapequa Park",NY,1,10269.8557
"Jerlene Rios",Plainview,NY,1,10266.9542
"Johnathan Velazquez",Pleasanton,CA,1,10231.0464
"Veronique Fulton","Ballston Spa",NY,1,10216.2360
"Larae Carney",Sunnyside,NY,1,10187.9451
"Felica Munoz","South Ozone Park",NY,1,10186.6285
"Felice Guzman","Canyon Country",CA,2,10156.8968
"Veronika Rollins",Webster,NY,1,10132.3624
"Mellisa Griffin","Los Banos",CA,1,10050.6281
"Aron Wiggins",Oceanside,NY,1,10047.4245
"Le Deleon",Banning,CA,2,9959.0962
"Deanne Parsons",Lindenhurst,NY,1,9942.1400
"Justa Thompson",Corona,NY,1,9927.5559
"Letisha May","North Tonawanda",NY,1,9927.2049
"Florrie Little","New Rochelle",NY,1,9919.9210
"Neil Mccall","San Carlos",CA,2,9919.3294
"Catarina Mendez","West Islip",NY,1,9908.4642
"Rico Salas",Centereach,NY,1,9874.6525
"Vashti Rosario",Bronx,NY,1,9865.4727
"Erna Sloan","Howard Beach",NY,1,9849.0740
"Iola Rasmussen",Monroe,NY,1,9838.4455
"Ken Charles",Monsey,NY,1,9833.6547
"Titus Bullock",Hollis,NY,2,9805.2464
"Mi Gray",Albany,NY,1,9728.9827
"Harold O'connor","Santa Cruz",CA,1,9725.8374
"Marguerite Berger",Fullerton,CA,1,9712.9515
"Lidia Ashley",Baldwinsville,NY,1,9704.9449
"Octavia Case","New York",NY,1,9673.8444
"Benito Hendrix",Depew,NY,1,9645.3834
"Linnie Branch",Plattsburgh,NY,3,9586.8018
"Sarai Mckee",Buffalo,NY,2,9563.3381
"Fannie Jenkins",Oxnard,CA,1,9532.3529
"Theo Reese","Long Beach",NY,2,9514.0705
"Marilyn Frank","Port Chester",NY,1,9499.9810
"Adelaida Hancock","San Pablo",CA,1,9497.1720
"Katia Henry",Bethpage,NY,1,9479.9557
"Jennie Middleton",Upland,CA,1,9474.9404
"Luz House",Fresno,CA,2,9425.1668
"Basilia Thornton",Brentwood,NY,1,9408.7878
"Tonisha Fowler","Huntington Station",NY,1,9399.9650
"Barrett Sanders",Longview,TX,1,9385.1020
"Nita Guy","Port Chester",NY,1,9372.3701
"Macie Ayers",Bellmore,NY,1,9334.5094
"Justina Long","South El Monte",CA,1,9327.7380
"James Robles","North Tonawanda",NY,1,9314.8357
"Rikki Morrow","Fort Worth",TX,1,9301.9304
"Trena Hudson",Monroe,NY,1,9287.9439
"Kami Rios",Encino,CA,1,9278.6539
"Donette Mccarthy","Redondo Beach",CA,1,9274.9654
"Chelsey Hardin","Deer Park",NY,1,9211.5230
"Tomika Wilder","New Hyde Park",NY,1,9210.7184
"Tangela Quinn","Richmond Hill",NY,2,9205.1175
"Jamaal Morrison","Staten Island",NY,1,9173.3817
"Randolph Chase","San Lorenzo",CA,1,9163.4289
"Corinna Adams",Rosedale,NY,1,9161.9460
"Yanira Bradshaw",Smithtown,NY,1,9157.7560
"Buford Gilbert",Bellmore,NY,1,9044.9270
"Lavona Austin",Utica,NY,1,8975.1570
"Marjorie Logan","Franklin Square",NY,2,8956.7850
"Caridad Compton","San Lorenzo",CA,1,8945.7500
"Stan Saunders",Canandaigua,NY,1,8936.4460
"Monika Berg",Encino,CA,3,8902.5066
"Kasie Rodriquez","Ballston Spa",NY,1,8879.4529
"Letty Cobb",Depew,NY,1,8820.1505
"Christel Barber",Sacramento,CA,1,8816.9544
"Tonja Bean",Fairport,NY,1,8787.1297
"Bobbie Foster",Desoto,TX,3,8778.1311
"Euna Lopez",Carmel,NY,1,8763.9644
"Bettie Glover",Euless,TX,1,8740.9660
"Ilona Spears","Port Jefferson Station",NY,1,8712.8466
"Miquel Neal","Staten Island",NY,1,8696.0720
"Leonore Dorsey","Jackson Heights",NY,1,8696.0720
"Eleni Gordon","Richmond Hill",NY,1,8587.3970
"Brittni Green","Floral Park",NY,1,8570.9665
"Deja Chaney",Jamaica,NY,1,8561.2627
"Eli Contreras",Ronkonkoma,NY,1,8550.0527
"Omega Huff","Santa Monica",CA,1,8534.3743
"Keri Bridges",Richardson,TX,3,8522.9542
"Margorie Wynn",Monsey,NY,1,8498.4630
"Corrinne Garrison",Victoria,TX,1,8481.8980
"Rozanne Reyes","Garden City",NY,1,8476.5220
"Meredith Bryan","Spring Valley",NY,1,8474.1624
"Santa Larson","Valley Stream",NY,1,8445.9545
"Stephaine Riddle",Brooklyn,NY,1,8429.9454
"Juliane Dillard",Glendora,CA,1,8394.4714
"Bettie Pierce",Farmingdale,NY,1,8392.9437
"Christiane Bradford","Orchard Park",NY,1,8376.9244
"Irving Pitts",Torrance,CA,1,8359.2160
"Salena Day","San Lorenzo",CA,1,8342.9390
"Minnie Compton","South Richmond Hill",NY,1,8336.4169
"Rey Lindsay",Monroe,NY,1,8327.9477
"Dwain Carlson",Smithtown,NY,1,8309.4449
"Regine Odom","Franklin Square",NY,1,8303.3719
"Gena Owens",Desoto,TX,1,8299.9650
"Rodolfo Buck",Shirley,NY,1,8280.5430
"Olevia Pitts","Redondo Beach",CA,2,8273.9559
"Rudolph Velez","Mount Vernon",NY,1,8263.8670
"Vince Schneider",Merrick,NY,1,8204.5302
"Casimira Chapman",Monroe,NY,1,8200.7267
"Cris Dunn",Pittsford,NY,1,8177.0541
"Kara Higgins",Ossining,NY,1,8127.9469
"Gertha Mejia",Flushing,NY,1,8109.9505
"Aimee Merritt",Flushing,NY,1,8096.4455
"Vallie Dixon",Rowlett,TX,1,8083.9627
"Marquerite Dawson",Garland,TX,1,8072.3310
"Merrie Fowler",Scarsdale,NY,1,8069.6565
"Brigida Larson","Canyon Country",CA,1,8062.1245
"Shu Mays",Astoria,NY,1,8056.7680
"Tommie Cooley",Lancaster,NY,1,8011.3120
"Lenore Valdez","Spring Valley",NY,1,8009.0321
"Ester Acevedo","San Lorenzo",CA,1,7999.9840
"Ocie Slater",Hamburg,NY,1,7999.9630
"Arline Lawson",Hempstead,NY,1,7995.8047
"Edgar Quinn",Harlingen,TX,1,7993.8650
"Melodie Melton",Smithtown,NY,1,7984.9390
"Omer Estrada",Rowlett,TX,1,7975.9730
"Cecilia Camacho",Desoto,TX,1,7971.2261
"Latashia Travis",Upland,CA,1,7967.4144
"Yuk Vega","West Hempstead",NY,1,7952.0464
"Alishia Elliott","Mount Vernon",NY,1,7951.1468
"Ja Dillard","Canyon Country",CA,1,7947.4420
"Jenine Dawson",Endicott,NY,1,7938.9374
"Clorinda Donovan",Jamestown,NY,1,7932.9465
"Viva Dawson","Orchard Park",NY,1,7918.8446
"Farrah Orr","New Hyde Park",NY,1,7900.4347
"Kasha Sullivan",Scarsdale,NY,1,7855.2405
"Omega Johnston","Canyon Country",CA,1,7848.2628
"Vonda Berger","Santa Clara",CA,1,7824.0401
"Courtney Wyatt","Garden City",NY,1,7823.9440
"Tiesha Daniel",Scarsdale,NY,2,7793.1507
"Odette Moses",Newburgh,NY,1,7791.0557
"Janine Manning","Howard Beach",NY,1,7783.4219
"Tajuana Rollins",Oswego,NY,1,7782.8730
"Carson Macias","New Rochelle",NY,1,7747.7390
"Dannette Guerrero","San Pablo",CA,1,7719.9570
"Nevada Hood","Hopewell Junction",NY,1,7688.2721
"Floretta Higgins",Bayside,NY,1,7681.1240
"Zora Ford",Sacramento,CA,1,7663.9490
"Julianne Shannon","Sugar Land",TX,1,7659.3381
"Brittney Rojas",Kingston,NY,1,7601.1547
"Magali Dixon",Troy,NY,1,7587.5154
"Malisa Mitchell","Mount Vernon",NY,1,7575.3454
"Katelin Kennedy",Rocklin,CA,2,7568.9310
"Ellena Clements","Santa Monica",CA,1,7568.0544
"Terrance Lynn",Plattsburgh,NY,1,7536.1622
"Barton Crosby",Bellmore,NY,1,7526.0367
"Barbra Dickerson",Ridgecrest,CA,1,7520.0371
"Barbera Riggs",Plainview,NY,1,7486.3314
"Cinda Rocha","Los Banos",CA,1,7482.1364
"Lorrie Pollard",Ronkonkoma,NY,1,7439.9814
"Rona Rojas","San Jose",CA,1,7439.9814
"Mazie Fernandez",Webster,NY,1,7394.9644
"Myron Ruiz",Amityville,NY,1,7350.4645
"Gabriela Warren","Long Beach",NY,1,7345.7374
"Caleb England",Pleasanton,CA,1,7339.4195
"Chantay Maynard",Elmhurst,NY,1,7327.0401
"Diane Jones","Fresh Meadows",NY,1,7256.7738
"Kermit Bowman","El Paso",TX,1,7253.6195
"Shery Randolph",Ontario,CA,1,7251.9655
"Trinity Riddle","Ballston Spa",NY,1,7211.7234
"Virgen Clemons","South El Monte",CA,1,7184.9724
"Ricki Bullock",Woodside,NY,1,7183.3227
"Tonda Armstrong",Sunnyside,NY,1,7179.9832
"Rochell Cantrell","Port Jefferson Station",NY,1,7176.2149
"Parker Prince","Port Jefferson Station",NY,2,7168.4778
"Karole Alvarez","East Northport",NY,1,7159.9557
"Carmelina Sellers",Ithaca,NY,1,7157.3531
"Armand Whitehead",Lindenhurst,NY,2,7154.5445
"Latasha Hays",Buffalo,NY,3,7147.1629
"Rutha Howell","Canyon Country",CA,1,7143.6644
"Herminia Reyes",Centereach,NY,1,7139.9540
"Milagros Weber",Harlingen,TX,1,7130.5405
"Elma Molina","New Rochelle",NY,1,7111.0354
"Lucas Estes","Santa Monica",CA,1,7105.7751
"Keturah Reid","Corpus Christi",TX,1,7091.9367
"Herlinda Stone",Canandaigua,NY,1,7067.9628
"Jesus Burch",Desoto,TX,1,7063.4639
"Tempie Jacobson",Smithtown,NY,1,7049.6730
"Joeann Garrison",Ontario,CA,1,7045.1564
"Sherie Ayala","South El Monte",CA,1,7042.6724
"Stacie Sims",Oakland,CA,1,7040.8464
"Leigh Burke",Schenectady,NY,1,7022.9624
"Renna Williams","South Ozone Park",NY,1,7021.1487
"Zoraida Patton","Huntington Station",NY,1,7004.8410
"Gertrud Rhodes",Merrick,NY,2,7000.0580
"Cassie Cline",Brooklyn,NY,1,6987.2487
"Pamala Henry",Bronx,NY,2,6981.9401
"Elvia Cardenas",Massapequa,NY,1,6978.7151
"Celestine Jacobs",Massapequa,NY,1,6971.5537
"Cecil Hopper","Central Islip",NY,1,6961.0917
"Jayson Rutledge","Lake Jackson",TX,1,6947.9474
"Elaina Key",Plainview,NY,1,6929.1049
"Mable Pratt",Coachella,CA,1,6912.1715
"Casey Gill","Port Washington",NY,1,6902.4650
"Hue May","Valley Stream",NY,1,6887.1357
"Javier Nichols",Rowlett,TX,1,6872.9437
"Lavette Wright",Ronkonkoma,NY,1,6866.9384
"Joesph Delacruz",Atwater,CA,2,6863.6268
"Lynwood Jackson",Longview,TX,1,6843.9442
"Carley Reynolds","South El Monte",CA,2,6829.7092
"Kellye Campbell",Baldwinsville,NY,1,6829.5310
"Nichelle Rosario","Garden City",NY,1,6824.9724
"Hortencia Graham",Euless,TX,1,6815.9474
"Wilda Petersen",Jamaica,NY,1,6813.7535
"Yu Mcdonald",Ossining,NY,1,6804.9580
"Deirdre Ryan",Utica,NY,1,6803.9719
"Bethany Herring","Port Jefferson Station",NY,1,6794.0820
"Siobhan Lang",Levittown,NY,1,6793.9655
"Chere Mcfadden","Orchard Park",NY,1,6784.9567
"Londa Gould","Corpus Christi",TX,1,6782.3368
"Charlene Norris",Syosset,NY,1,6764.5727
"Sharie Whitaker",Merrick,NY,1,6762.1399
"Vito Pickett",Canandaigua,NY,1,6754.9376
"Tressa Weiss",Ossining,NY,1,6749.9734
"Lavonne Anderson","Floral Park",NY,1,6744.7740
"Marjory Leonard","Apple Valley",CA,1,6723.0765
"Elmira Levy","Spring Valley",NY,1,6718.5542
"Stefani Gamble","New City",NY,1,6715.4340
"Josephine Dale",Baldwinsville,NY,1,6712.8464
"Cicely Deleon","Massapequa Park",NY,1,6701.4550
"Lolita Mosley",Houston,TX,3,6680.4439
"Lucio Sherman",Smithtown,NY,1,6672.2947
"Mina Carrillo",Uniondale,NY,1,6671.6012
"Kristofer Craig",Plainview,NY,1,6659.9627
"Dottie Roberts","Port Washington",NY,1,6654.4734
"Blanca Hooper","Ozone Park",NY,1,6602.9505
"Lashunda Cole",Monsey,NY,1,6591.9760
"Collene Roman","Wappingers Falls",NY,1,6578.9654
"Kaley Blanchard","Palos Verdes Peninsula",CA,1,6578.9291
"Octavia Donaldson",Levittown,NY,1,6543.0622
"Latoya Johns","Ballston Spa",NY,1,6530.9119
"Yvone Yates","San Pablo",CA,1,6515.9550
"Kate Barber","Saratoga Springs",NY,1,6495.9720
"Vikki Erickson",Kingston,NY,1,6489.5650
"Arcelia Vinson","West Islip",NY,1,6479.9440
"Ann Heath","South El Monte",CA,1,6468.2263
"Tu Ramirez","East Elmhurst",NY,2,6467.6551
"Adriene Rivera",Encino,CA,1,6462.4635
"Louanne Martin","Yuba City",CA,2,6450.9529
"Van Peters",Houston,TX,1,6448.2907
"Anisha Lang",Rome,NY,1,6416.5944
"Coleman Boyd","El Paso",TX,1,6412.5547
"Matilda Larson",Harlingen,TX,1,6397.4717
"Damian Mills","Long Beach",NY,1,6396.9647
"Oliva Blackwell",Elmhurst,NY,1,6382.9455
"Verda Gilbert","East Northport",NY,1,6349.3635
"Ivette Warren","Franklin Square",NY,1,6335.6637
"Chelsey Boyd",Euless,TX,1,6332.9424
"Shiloh Bates",Monsey,NY,1,6330.5747
"Ji Burt","Apple Valley",CA,1,6319.9460
"Drucilla Gilliam","Santa Clara",CA,1,6265.9550
"Dionne Norris","Niagara Falls",NY,1,6261.9574
"Joaquin Hawkins",Anaheim,CA,1,6259.2650
"Norine Huffman",Encino,CA,1,6240.5540
"Mercy Brown",Hollis,NY,1,6239.2787
"Tammie Cherry",Massapequa,NY,1,6239.0936
"Jeni Booker","South El Monte",CA,2,6235.5381
"Hilda Harvey","Ballston Spa",NY,1,6229.1214
"Moira Lester","Jackson Heights",NY,1,6196.6444
"Jewel Sparks","Oakland Gardens",NY,1,6187.1539
"Stefany Potter","Saratoga Springs",NY,1,6183.5624
"Shila White","Orchard Park",NY,1,6177.7725
"Raymonde Garcia",Queensbury,NY,1,6169.9630
"Buford Bridges",Troy,NY,1,6155.9644
"Lois Steele",Ossining,NY,1,6152.6533
"Alisia Albert",Garland,TX,1,6150.9367
"Tiny French",Plainview,NY,1,6102.9630
"Shona Mcmillan","Apple Valley",CA,1,6089.9830
"Annett Rush",Rosedale,NY,1,6089.9304
"Bernita Mcdaniel",Liverpool,NY,2,6079.9430
"Vicki Wiggins","Wappingers Falls",NY,1,6074.0482
"Shantae Hammond",Victoria,TX,1,6068.9490
"Erlinda Nielsen",Maspeth,NY,1,6034.9654
"Daisy Ward",Pomona,CA,1,6023.9545
"Jeromy Elliott","Bay Shore",NY,1,5989.9650
"Ruthanne Hoover",Torrance,CA,1,5989.9367
"Delma Bailey",Anaheim,CA,1,5984.9810
"Shara Pope",Ridgecrest,CA,1,5959.0657
"Aaron Knapp",Yonkers,NY,1,5927.5510
"Josef Greer",Jamaica,NY,1,5925.5601
"Conrad Mueller",Massapequa,NY,1,5925.4747
"Laurel Schultz","Mount Vernon",NY,1,5923.9551
"Trista Lambert",Fairport,NY,1,5922.4725
"Danille Mcfarland",Rocklin,CA,1,5909.6148
"Oralia Farley",Upland,CA,1,5893.5550
"Rosamaria Meyer",Webster,NY,1,5893.5494
"Karren Stevenson","San Carlos",CA,1,5891.1624
"Deane Sears",Pittsford,NY,1,5887.3424
"Nicolas Carlson","Saint Albans",NY,1,5863.4454
"Conchita Boone","Mount Vernon",NY,1,5851.9257
"Adam Thornton","Central Islip",NY,1,5841.5215
"Tuyet Rosa","South El Monte",CA,1,5841.0992
"Mellie Puckett","Fresh Meadows",NY,1,5835.8580
"Valeri Marshall","East Meadow",NY,1,5834.1357
"Emanuel Mckee",Schenectady,NY,1,5833.9747
"Allison Nolan","New City",NY,1,5809.4774
"Nenita Mooney",Lawndale,CA,1,5806.0375
"Shonta Preston",Utica,NY,1,5801.9340
"Leone Emerson",Whitestone,NY,1,5779.8175
"Katherin Clark",Pittsford,NY,1,5777.7667
"Tora Dunlap",Monsey,NY,1,5775.5447
"Effie Jenkins",Brentwood,NY,1,5768.2144
"Karl Stephens","Rockville Centre",NY,1,5745.9552
"Trang Hardin",Depew,NY,1,5732.4652
"Reena Higgins","Canyon Country",CA,1,5728.9344
"Sherril Alvarado",Desoto,TX,1,5723.7441
"Sharie Alvarez","New York",NY,1,5716.5960
"Hollis Rasmussen",Massapequa,NY,1,5709.9555
"Josh Shaw","Hopewell Junction",NY,1,5701.1054
"Ling Newman","South Richmond Hill",NY,1,5699.9810
"Shenna Espinoza",Queensbury,NY,1,5699.9810
"Phuong Wolf",Schenectady,NY,1,5686.5815
"Rayna Perry","Ozone Park",NY,1,5672.2810
"Randee Pitts","Canyon Country",CA,1,5671.1307
"Zina Bonner","San Lorenzo",CA,2,5660.9369
"Denis Logan",Ridgecrest,CA,2,5651.0267
"Shantel Gregory","West Islip",NY,1,5644.9152
"Bettye Espinoza",Oswego,NY,1,5627.9570
"Lanora Robbins","West Babylon",NY,1,5600.0574
"Maira Long",Hicksville,NY,1,5588.5185
"Larissa Hays",Elmont,NY,1,5588.3444
"Sheila Travis",Longview,TX,1,5579.9628
"Dagny Owen","San Angelo",TX,1,5578.1307
"Aubrey Durham","Port Washington",NY,1,5565.5645
"Ciera Koch",Euless,TX,1,5557.3307
"Quyen Houston","Central Islip",NY,1,5537.9817
"Heather Chaney",Jamestown,NY,1,5528.9570
"Dung Reid","Canyon Country",CA,1,5515.9647
"Hermila Mckay",Coachella,CA,1,5498.3680
"Conception Slater",Bellmore,NY,1,5478.9485
"Bella Perez",Duarte,CA,1,5444.9560
"Renita Henry","New Rochelle",NY,1,5442.0740
"Romelia Myers","Garden City",NY,1,5440.3624
"Carie Kidd",Monroe,NY,1,5431.8955
"Cameron Carroll",Longview,TX,1,5419.9730
"Georgina Gonzales",Endicott,NY,1,5417.9727
"Carissa Cross","Huntington Station",NY,1,5404.0557
"Kellie Franco",Commack,NY,1,5399.9820
"Selene Austin",Duarte,CA,1,5382.0464
"Ollie Zimmerman",Anaheim,CA,2,5371.3380
"Jackeline Colon","Wappingers Falls",NY,1,5342.1559
"Iva Wilcox",Kingston,NY,1,5338.9555
"Genoveva Lloyd",Bayside,NY,1,5333.3350
"Renay Atkins",Woodside,NY,1,5332.9467
"Earl Stanley",Elmhurst,NY,1,5315.9042
"Bev Chang",Ithaca,NY,1,5291.9650
"Caren Stephens",Scarsdale,NY,3,5275.3270
"Kimbery Nieves","San Carlos",CA,1,5270.9448
"Yang Giles","San Angelo",TX,1,5244.9550
"Claris Santiago",Newburgh,NY,1,5231.8529
"Myesha Burgess",Campbell,CA,1,5226.6626
"Ginette Edwards",Baldwin,NY,1,5225.9475
"Nicholas Vazquez","West Hempstead",NY,1,5224.9905
"Melba Wilkinson","Floral Park",NY,1,5224.5464
"Eliseo Knight",Woodhaven,NY,1,5220.4734
"Ashleigh Frank",Levittown,NY,1,5219.9820
"Vernia Madden",Troy,NY,1,5219.9820
"Virgina Berg","Valley Stream",NY,1,5154.1467
"Alysia Nicholson",Oxnard,CA,1,5126.9531
"Cheree Hale",Oswego,NY,1,5122.3480
"Majorie Wyatt","South Ozone Park",NY,1,5119.3540
"Sung Chambers",Kingston,NY,1,5115.9641
"Dante Grimes",Duarte,CA,1,5114.0907
"Novella Patel","Glen Cove",NY,1,5107.8638
"Loreen Byers","South Ozone Park",NY,1,5090.4175
"Chasidy Tran",Vista,CA,1,5080.6230
"Carline Collier",Fresno,CA,2,5073.0365
"Hipolito Padilla","New Rochelle",NY,1,5062.3384
"Major Merrill",Astoria,NY,1,5055.1130
"Ashleigh Finch",Newburgh,NY,1,5024.1645
"Alline Beasley","North Tonawanda",NY,1,5022.9574
"Larraine Horn",Utica,NY,1,5017.8551
"Lise Hebert",Vista,CA,1,5015.7377
"Ai Forbes","Franklin Square",NY,1,5014.9637
"Kandace Ayers","Santa Monica",CA,1,5004.5978
"Ernestina Skinner",Elmhurst,NY,1,4991.9665
"Shanda Stevenson",Freeport,NY,1,4960.4587
"Inocencia Key","Massapequa Park",NY,1,4949.9910
"Romeo Steele","Port Jefferson Station",NY,1,4922.9485
"Dewayne Herring",Webster,NY,1,4921.1544
"Melani Jarvis",Maspeth,NY,1,4918.3660
"Wai Soto",Bethpage,NY,1,4912.1570
"Jamika Blanchard","Fresh Meadows",NY,1,4911.4379
"Genevieve Juarez","New Hyde Park",NY,1,4890.3654
"Latosha Dalton",Bakersfield,CA,1,4877.4060
"Yolando Wade",Massapequa,NY,1,4873.9557
"Yevette Todd","Ballston Spa",NY,1,4863.9680
"Margert Stevens",Rome,NY,1,4851.1372
"Margaretta Clayton",Ridgecrest,CA,1,4835.3760
"Eleanor Mendez","Port Chester",NY,1,4829.1825
"Krissy Ochoa","Port Washington",NY,1,4814.6255
"Theresia Barron","Forest Hills",NY,1,4803.6301
"Arnita Thomas","Orchard Park",NY,1,4799.9840
"Elenore Hensley",Hamburg,NY,1,4789.7348
"Yahaira Robertson",Endicott,NY,1,4784.1587
"Margit Osborn",Plainview,NY,1,4781.9310
"Deandrea Cox",Huntington,NY,1,4778.0236
"Enoch Rosario",Fresno,CA,1,4776.0444
"Kaylee English",Hollis,NY,2,4775.9635
"Alfredo Dodson",Depew,NY,1,4766.8345
"Keturah Massey",Banning,CA,1,4765.4287
"Chauncey Donaldson","Franklin Square",NY,1,4762.4631
"Erik Leblanc","Sugar Land",TX,1,4749.9810
"Bobbi Banks",Bayside,NY,1,4746.6324
"Spring Hayes",Ossining,NY,1,4737.2644
"Emmett Hahn",Freeport,NY,1,4700.0627
"Laverna Hernandez","Niagara Falls",NY,1,4699.9557
"Raven Curtis",Lawndale,CA,1,4692.8641
"Thurman Ellis",Pleasanton,CA,1,4689.4559
"Ayana Keith",Oxnard,CA,1,4685.0969
"Beatris Joyner","Spring Valley",NY,1,4665.5492
"Andy O'neill","Rego Park",NY,1,4655.0404
"Marry Benjamin",Forney,TX,1,4654.9530
"Aileen Marquez",Torrance,CA,1,4644.9130
"Justina Jenkins",Shirley,NY,1,4639.9840
"Cindie Franklin",Lawndale,CA,1,4633.8544
"Janna Hayden",Longview,TX,1,4624.9377
"Evelina Manning","Mount Vernon",NY,1,4617.7580
"Brenda Tate","San Angelo",TX,1,4616.0145
"Clelia Workman","New Windsor",NY,1,4571.0727
"Scarlet Yates",Patchogue,NY,1,4563.0910
"Marcel Lindsay",Ossining,NY,1,4544.8471
"Patrina Tanner",Scarsdale,NY,1,4539.9740
"Charlyn Cantrell","West Islip",NY,1,4534.3830
"Carolann Russell","Glen Cove",NY,1,4521.8839
"Genny Hensley","Redondo Beach",CA,1,4507.6134
"Rebbecca Espinoza","Mount Vernon",NY,1,4503.7459
"Ruth Horton",Hollis,NY,1,4499.9910
"Ileana Holt",Patchogue,NY,1,4499.9910
"Carmina Emerson",Banning,CA,1,4497.5817
"Gilberto Sanders",Woodside,NY,1,4497.0048
"Nathaniel Richard","New Windsor",NY,1,4495.2725
"Jerri Guthrie",Carmel,NY,1,4477.1740
"Alexandria Zamora",Schenectady,NY,1,4475.4635
"Ara Vazquez","San Carlos",CA,1,4466.6452
"Herta Rollins","Mountain View",CA,1,4464.6642
"Hilde Nieves",Campbell,CA,1,4459.2184
"Cinthia Poole","Lake Jackson",TX,1,4458.9550
"Amina Salazar",Canandaigua,NY,1,4447.7240
"Risa Gallagher",Rocklin,CA,1,4445.0609
"Jovita Bishop","Staten Island",NY,1,4436.6034
"Lazaro Moran","Sugar Land",TX,1,4422.9400
"Lurlene Cotton",Pleasanton,CA,1,4399.9920
"Judith Finley",Whitestone,NY,1,4397.9639
"Sarah Kirkland","Wappingers Falls",NY,1,4387.9660
"Graig Cannon",Syosset,NY,1,4369.3445
"Elenore William",Mcallen,TX,1,4334.0585
"Andria Rivers",Amarillo,TX,1,4327.0254
"Graig Roth","West Babylon",NY,1,4318.4515
"Carter Bentley",Carmel,NY,1,4318.0054
"Porter Bass","San Angelo",TX,1,4305.9576
"Christiana Gross","Orchard Park",NY,1,4299.9570
"Jule Davenport","San Carlos",CA,1,4298.4537
"Crystle Gilliam",Smithtown,NY,1,4296.1815
"Afton Juarez",Coram,NY,1,4279.5725
"Delfina Gilliam","West Babylon",NY,1,4274.9810
"Sharika Colon","Long Beach",NY,1,4271.1134
"Annis Sanchez","Los Angeles",CA,1,4269.9572
"Eliana Silva",Farmingdale,NY,1,4236.3466
"Nathalie Knowles","West Islip",NY,1,4231.1220
"Nicola Knight",Scarsdale,NY,1,4226.2305
"Lory Page","Bay Shore",NY,1,4214.9734
"Trudy Riddle",Schenectady,NY,1,4214.9468
"Tajuana Riddle",Bayside,NY,1,4205.9817
"Gustavo Gamble","Port Washington",NY,1,4204.5258
"Louise Flowers",Depew,NY,1,4196.9552
"Gabriel Wagner","Ballston Spa",NY,1,4196.0278
"Collen Dennis","San Pablo",CA,1,4195.3079
"Carmela Hays",Lawndale,CA,1,4186.5267
"Diana Guerra",Merrick,NY,2,4183.6207
"Kendra Harrington",Jamestown,NY,1,4171.9479
"Lory Berg",Oswego,NY,1,4169.9817
"Olympia Figueroa","Hopewell Junction",NY,1,4169.9815
"Tonda Webb",Baldwinsville,NY,1,4169.3542
"Dale Rasmussen",Kingston,NY,1,4167.8460
"Penni Best",Anaheim,CA,1,4162.8555
"Verona O'neill",Selden,NY,1,4157.9724
"Annett Garrett",Scarsdale,NY,1,4156.6929
"Scarlet Reed",Bronx,NY,1,4147.6620
"Mallie Osborn",Newburgh,NY,1,4135.9565
"Abbey Pugh","Forest Hills",NY,1,4132.9920
"Lillia Gillespie","Rego Park",NY,1,4130.3445
"Genoveva Tyler","New York",NY,1,4125.5565
"Alica Hunter","East Elmhurst",NY,2,4122.1454
"Dung King","West Islip",NY,1,4115.9724
"Kimberley Reynolds","Port Washington",NY,1,4109.0650
"Marisa Chambers",Amityville,NY,1,4105.1130
"Ana Palmer",Anaheim,CA,1,4100.4359
"Marni Bolton",Lancaster,NY,1,4095.0138
"Kam Wilder",Newburgh,NY,1,4094.8481
"Sindy Anderson",Pomona,CA,1,4092.8567
"Ladawn Downs",Houston,TX,1,4067.6640
"Maryalice Henry",Richardson,TX,1,4064.8377
"Angella Bridges",Pittsford,NY,1,4062.3334
"Ophelia Rodgers","Hopewell Junction",NY,1,4044.8487
"Rufina Chandler","New Hyde Park",NY,1,4044.7830
"Fairy Robinson",Liverpool,NY,1,4041.1537
"Joi Reeves","San Diego",CA,1,4038.5027
"Reyes Merritt","Staten Island",NY,1,4037.9647
"Georgeann Waller","North Tonawanda",NY,2,4036.9720
"Raeann Duncan",Anaheim,CA,1,4030.9570
"Ellsworth Michael",Carmel,NY,1,4030.0561
"Rudolf Moran",Maspeth,NY,1,4017.4401
"Nelle Beck",Upland,CA,1,4012.6457
"Valentin Mclaughlin",Lindenhurst,NY,1,4001.9184
"Max Charles","Glen Cove",NY,1,3998.3620
"Olevia Noel",Kingston,NY,1,3997.9747
"Julia Joyner",Astoria,NY,1,3995.6247
"Sharyn Brewer",Hollis,NY,1,3994.4559
"Whitley Cannon",Coram,NY,1,3975.2343
"Le Wood",Pittsford,NY,1,3974.6254
"Kathie Freeman",Queensbury,NY,2,3962.0287
"Loraine Sykes",Scarsdale,NY,1,3960.4315
"Wendie Nash",Oxnard,CA,1,3950.3624
"Toshia Cardenas",Amsterdam,NY,1,3935.9680
"Janae Doyle","Jackson Heights",NY,1,3920.6630
"Lee Roman",Brentwood,NY,1,3911.8625
"Anderson Martin",Canandaigua,NY,1,3900.6587
"Arla Ellis",Utica,NY,1,3900.0607
"Arielle Levine",Garland,TX,1,3899.9657
"Henrietta Wagner","Fort Worth",TX,1,3891.5125
"Cher Alston",Wantagh,NY,1,3866.0454
"Aida Koch","West Hempstead",NY,1,3865.7654
"Donnetta Henson",Webster,NY,1,3860.1454
"Laureen Barry","Orchard Park",NY,1,3859.9280
"Weldon Michael",Huntington,NY,1,3840.8820
"Lewis Garner",Brentwood,NY,1,3818.2930
"Georgeann Rojas",Desoto,TX,1,3818.2124
"Darcel Harmon","Santa Clara",CA,1,3816.4624
"Delbert Wilkins",Coram,NY,1,3810.8230
"Winfred Harris","East Meadow",NY,1,3804.9214
"Nettie Mcdaniel","South Ozone Park",NY,1,3801.6487
"Son Warner","Rockville Centre",NY,1,3799.9905
"Verna Solis",Rochester,NY,1,3799.1634
"Jane Henderson","Apple Valley",CA,1,3793.1580
"Travis Whitley","Saint Albans",NY,1,3768.9400
"Reita Dickson",Scarsdale,NY,1,3766.6347
"Han Wade","Howard Beach",NY,1,3763.8715
"Brianna Moss",Hempstead,NY,1,3751.8740
"Rosanne George",Ossining,NY,1,3750.8732
"Miriam Baker",Uniondale,NY,1,3723.8275
"Brianne Hays","San Pablo",CA,1,3722.9830
"Lina Meadows","Glen Cove",NY,1,3720.8885
"Adam Henderson","Los Banos",CA,1,3695.4745
"Deshawn Mendoza",Monsey,NY,3,3690.2361
"Shay Stephenson",Smithtown,NY,1,3671.7054
"Marcene Curtis",Yonkers,NY,1,3668.9260
"Lara Guy",Ronkonkoma,NY,1,3659.9825
"Christia Carson",Helotes,TX,1,3658.1810
"Claudio Wise",Kingston,NY,1,3646.9827
"Lavern Orr",Webster,NY,1,3644.0450
"Katherina Odom",Plainview,NY,1,3643.5440
"Harris Pittman",Jamaica,NY,1,3642.0126
"Sam Lester",Baldwin,NY,1,3633.3590
"Tayna Wade",Bakersfield,CA,1,3628.5127
"Agatha Daniels","South El Monte",CA,1,3613.7245
"Priscilla Wilkins",Albany,NY,1,3599.9910
"Sharell Ross",Vista,CA,1,3594.8630
"Sebrina Hart",Coram,NY,1,3591.2700
"Bronwyn Vargas","New Windsor",NY,1,3589.5660
"Lucy Woods","Palos Verdes Peninsula",CA,2,3589.1220
"Shawnda Glover",Liverpool,NY,1,3586.7070
"Sheila Goodman",Uniondale,NY,1,3581.4620
"Mark Garrett",Monroe,NY,1,3570.5560
"Crysta Velez",Houston,TX,1,3567.5610
"Shanna Bonner",Canandaigua,NY,1,3564.9665
"Derrick Marks",Glendora,CA,1,3563.0245
"Rod Hatfield",Ronkonkoma,NY,1,3546.9290
"Jonell Rivas",Amarillo,TX,1,3535.2759
"Lanie Dunn","North Tonawanda",NY,1,3531.3039
"Micki Rutledge","Richmond Hill",NY,1,3511.7384
"Hee Greer",Selden,NY,1,3509.9730
"America Swanson",Webster,NY,1,3505.7660
"Tricia Daniels",Forney,TX,1,3502.4932
"Daina Sampson",Longview,TX,1,3495.6624
"Julius Holt","East Meadow",NY,1,3489.9734
"Alden Atkinson",Shirley,NY,1,3484.0719
"Catrice Hicks","San Pablo",CA,1,3475.8443
"Tina Bush",Maspeth,NY,1,3464.0224
"Camille Harvey",Huntington,NY,1,3463.5450
"Alejandrina Hodges","Deer Park",NY,1,3447.2278
"Noble Glover","Orchard Park",NY,1,3443.9377
"Sanora Webster","Los Angeles",CA,1,3442.8135
"Chi Goff","Palos Verdes Peninsula",CA,2,3441.2631
"Brenton Whitaker","Niagara Falls",NY,1,3439.9440
"Izola Hobbs",Woodhaven,NY,1,3439.4575
"Tam Fisher",Rochester,NY,1,3439.1719
"Mirella Duffy",Longview,TX,1,3430.9631
"Hubert Reilly",Amityville,NY,1,3419.9810
"Demarcus Reese","Yorktown Heights",NY,1,3403.8540
"Lore Sykes",Buffalo,NY,1,3390.4650
"Eloisa Tucker","Howard Beach",NY,1,3377.9730
"Neville Mcclain","West Hempstead",NY,1,3376.5951
"Shery Acosta","Saratoga Springs",NY,1,3372.1380
"Shemeka Lyons",Pomona,CA,1,3370.5721
"Vinnie Chan","Forest Hills",NY,1,3359.9717
"Bonita Marshall",Endicott,NY,1,3359.7477
"Rodrick Shelton","Canyon Country",CA,1,3349.6487
"Pearlie Cochran",Campbell,CA,1,3347.9814
"Bennett Armstrong",Bethpage,NY,2,3347.6480
"Garret Clay","Corpus Christi",TX,1,3346.0319
"Barton Cox",Amityville,NY,1,3328.0631
"Charlesetta Soto",Poughkeepsie,NY,1,3302.1734
"Steve Bender",Scarsdale,NY,1,3292.4270
"Camila Carroll","San Antonio",TX,1,3292.0046
"Morton Lee","San Angelo",TX,1,3290.7715
"Annabelle Hebert","Spring Valley",NY,1,3287.3220
"Patience Clayton","Niagara Falls",NY,1,3278.0540
"Boyd Irwin",Hamburg,NY,1,3271.8135
"Loise Walker",Shirley,NY,1,3270.2310
"Hassan Nash",Hicksville,NY,1,3269.9827
"Miranda Kennedy",Astoria,NY,1,3254.9907
"Kandace Giles",Wantagh,NY,1,3247.2480
"Dorothea Miranda",Upland,CA,1,3243.7534
"Carisa Carpenter",Victoria,TX,1,3239.9820
"Edda Young","North Tonawanda",NY,1,3238.9624
"Sandy Mills",Schenectady,NY,1,3229.9525
"Barry Albert",Auburn,NY,1,3227.3910
"Darren Witt",Coachella,CA,1,3223.1840
"Divina Madden","Long Beach",NY,1,3199.9920
"Tisa Whitney",Monsey,NY,1,3196.2044
"Emmett Casey","Valley Stream",NY,1,3194.0820
"Florencio Davenport",Jamestown,NY,1,3191.9525
"Season Harvey","East Northport",NY,1,3185.9454
"Adriene Rollins",Plainview,NY,1,3181.5405
"Deandrea Vega",Yonkers,NY,1,3172.4449
"Soledad Moses","Jackson Heights",NY,1,3168.5541
"Doris Kaufman",Duarte,CA,1,3167.9562
"Terrell Mathis",Selden,NY,1,3163.0426
"Skye Pope","Richmond Hill",NY,1,3159.9260
"Tarra Guerrero",Auburn,NY,1,3155.9565
"Latonya Dixon",Garland,TX,1,3149.9910
"Pamala Fowler","Ballston Spa",NY,1,3146.4645
"Leila Barr",Carmel,NY,1,3144.3270
"Rolanda Larsen",Woodhaven,NY,1,3136.0432
"Ryan Carter",Nanuet,NY,1,3126.6414
"Donovan Cantrell",Oakland,CA,1,3126.6414
"Earline Gordon",Ronkonkoma,NY,1,3126.6414
"Vernon Knowles","Huntington Station",NY,1,3121.4817
"Marisol Goodman",Canandaigua,NY,1,3121.1320
"Efren Whitfield",Euless,TX,1,3110.8567
"Ehtel Cobb",Lockport,NY,1,3105.9644
"Douglass Little",Duarte,CA,1,3092.9448
"Garland Weaver",Amsterdam,NY,1,3074.2065
"Kecia Olsen","Santa Cruz",CA,1,3065.9825
"Queenie Vance","Ozone Park",NY,1,3056.9624
"Saran Moses",Brooklyn,NY,1,3049.9830
"Homer Powers","Palos Verdes Peninsula",CA,1,3039.9810
"Tuan Wolfe","West Babylon",NY,1,3038.3214
"Tena Cruz",Farmingdale,NY,2,3037.1355
"Waldo Hart",Queensbury,NY,1,3032.9820
"Ross Pugh","North Tonawanda",NY,1,3032.7401
"Marcelino Mcbride","Clifton Park",NY,1,3027.0319
"Sheree Pena","Staten Island",NY,1,3022.8715
"Danyell Dickerson","Central Islip",NY,1,3018.2852
"Arvilla Weiss","Bay Shore",NY,1,3015.9719
"Loyce Conway","Central Islip",NY,1,3015.3129
"Ophelia Decker","New Windsor",NY,1,3014.3240
"Walton Dejesus",Lockport,NY,1,3011.4810
"Victor Pittman",Astoria,NY,1,2991.7590
"Mellisa Kim","Los Angeles",CA,1,2975.9907
"Tama Berg",Hollis,NY,1,2966.6442
"Babara Ochoa",Scarsdale,NY,1,2963.9810
"Dexter Roberts",Sunnyside,NY,1,2963.9810
"Ezra Fowler",Nanuet,NY,1,2958.3021
"Fransisca Nicholson",Glendora,CA,1,2942.9820
"Marlen Dawson",Woodside,NY,1,2932.4812
"Shayla Hart",Woodhaven,NY,1,2928.6840
"Carlena Salinas",Jamaica,NY,1,2915.1080
"Willis Randolph",Harlingen,TX,1,2899.4846
"Agnes Sims",Buffalo,NY,1,2891.7542
"Jeannette Skinner","Forest Hills",NY,1,2889.8561
"Garth Huff",Glendora,CA,1,2881.1400
"Orval Hunter","San Angelo",TX,1,2877.7652
"India Barron",Huntington,NY,1,2873.9400
"Ingeborg Ellison",Ithaca,NY,1,2867.2750
"Kirstie Vazquez","Saratoga Springs",NY,1,2853.9630
"Hildegarde Christensen",Maspeth,NY,1,2849.9905
"Armando Black",Richardson,TX,1,2843.0734
"Ami Mcmahon",Sunnyside,NY,1,2840.0461
"Penney Hall",Liverpool,NY,1,2835.5514
"Dorine Thornton",Sunnyside,NY,1,2834.8444
"Etsuko Garrison","Richmond Hill",NY,1,2827.9494
"Alpha King","Rockville Centre",NY,1,2813.5587
"Ping Quinn",Rowlett,TX,1,2804.1440
"Corine Stuart","Clifton Park",NY,1,2801.9320
"Nakisha Clay","Port Washington",NY,1,2800.2975
"Bao Wade",Desoto,TX,1,2793.0481
"Sunshine Rosario",Jamaica,NY,1,2789.9907
"Alesia Horne",Selden,NY,1,2787.9590
"Elvina Gates",Pleasanton,CA,1,2780.5470
"Raul Melendez",Elmhurst,NY,1,2770.9630
"Shiela Calderon",Rocklin,CA,1,2768.3634
"Andreas Herman","Mount Vernon",NY,1,2754.9905
"Alissa Craft",Ossining,NY,1,2754.9905
"Luis Tyler",Amarillo,TX,1,2749.3474
"Melita Dominguez",Auburn,NY,1,2748.7464
"Rudolf Gilliam","Palos Verdes Peninsula",CA,1,2747.2395
"Aisha Woods",Webster,NY,1,2743.9840
"Louis Powell","Staten Island",NY,1,2738.2497
"Lenita Bonner","Los Banos",CA,1,2726.4905
"Petronila Gallegos","Howard Beach",NY,1,2719.4764
"Sylvie Wilkerson",Syosset,NY,1,2718.3920
"Roy Chan",Pomona,CA,1,2717.9640
"Renato Morton","Mount Vernon",NY,1,2716.7650
"Carina Lynch","Wappingers Falls",NY,1,2707.8278
"Shawnna Frank",Woodside,NY,1,2705.0070
"Rita Bailey",Ossining,NY,1,2701.1742
"Jeniffer Slater",Schenectady,NY,1,2699.9910
"Houston Vasquez",Fullerton,CA,1,2699.9910
"Zona Cameron","East Northport",NY,1,2696.9907
"Jame Riggs","Bay Shore",NY,1,2687.1434
"Myung Hooper",Elmont,NY,1,2681.9570
"Kattie Stevenson",Helotes,TX,1,2681.1565
"Corina Lynch",Rosedale,NY,1,2672.6926
"Kim Clark",Merrick,NY,1,2664.9644
"Natosha Rowland","Ballston Spa",NY,1,2658.7627
"Erma Salinas",Merrick,NY,1,2658.1454
"Dann Huff","Huntington Station",NY,1,2653.0730
"Bea Kane",Mahopac,NY,1,2643.2447
"Ashton Lott","Floral Park",NY,1,2635.1220
"Genny Fields",Amityville,NY,1,2615.9760
"Aide Franco",Atwater,CA,1,2605.2824
"Yvette Rogers","Franklin Square",NY,1,2599.1680
"Graciela Barber",Oxnard,CA,2,2593.1289
"Nanette Harris","East Meadow",NY,1,2559.9920
"Candis Harding","Ballston Spa",NY,1,2548.9732
"Violet Valenzuela",Plattsburgh,NY,1,2546.4665
"Elmo Sweeney","San Carlos",CA,1,2518.1494
"Lamar Greer",Levittown,NY,1,2511.4647
"Raphael O'neil",Fairport,NY,1,2509.9460
"Alejandro Norman",Upland,CA,1,2509.8810
"Timothy Byers",Ronkonkoma,NY,1,2501.7640
"Michel Blankenship",Forney,TX,1,2500.4381
"Silas Tate","Corpus Christi",TX,1,2497.9559
"Rubin Decker",Buffalo,NY,1,2484.4274
"Karey Steele",Farmingdale,NY,1,2478.4000
"Myrl Gay",Garland,TX,1,2474.9727
"Devin Velazquez",Brentwood,NY,1,2469.9585
"Carman Hardy",Jamestown,NY,1,2465.4572
"Lolita O'neill","Massapequa Park",NY,1,2452.9480
"Lea Key",Banning,CA,1,2449.7546
"Travis Goodman","Los Banos",CA,1,2446.9410
"Vanda Holmes",Syosset,NY,1,2432.9444
"Mariam Miranda","Franklin Square",NY,1,2431.1650
"Rochelle Ward",Glendora,CA,1,2427.9567
"Ronald Parsons",Maspeth,NY,1,2420.5530
"Joel Wynn","San Diego",CA,1,2419.7634
"Mercedez Brooks",Duarte,CA,1,2414.9630
"Sherilyn Wilcox",Ossining,NY,1,2411.4715
"Alexis Mack","New City",NY,1,2402.4760
"Gertrude Terry",Upland,CA,1,2379.9730
"Ilda Roberson",Kingston,NY,1,2379.4635
"Dacia William","Sugar Land",TX,2,2371.4545
"Ivonne Yang","El Paso",TX,1,2371.1624
"Khalilah Robertson","Spring Valley",NY,1,2362.1628
"Shasta Combs","Yorktown Heights",NY,1,2360.3907
"Clare Neal",Mahopac,NY,1,2357.9642
"Faustino Delacruz","South Richmond Hill",NY,1,2346.6624
"Justin Newton","Apple Valley",CA,1,2337.4625
"Tanesha Hampton",Syosset,NY,1,2335.5207
"Ebony Cotton","West Babylon",NY,1,2333.3560
"Bee Baker",Liverpool,NY,1,2329.5760
"Mireille Puckett",Oxnard,CA,1,2320.5564
"Eliz Lynch",Uniondale,NY,1,2319.9920
"Wanita Davenport","Spring Valley",NY,1,2319.9760
"Shea Howell","South El Monte",CA,1,2319.9680
"Angelika Perry",Canandaigua,NY,1,2319.7539
"Mariana Strong","Santa Clara",CA,2,2317.0840
"Malinda Baxter",Whitestone,NY,1,2312.4447
"Laurette Hebert",Canandaigua,NY,1,2309.3035
"Edra Fitzgerald","Central Islip",NY,1,2297.7575
"Agustina Lawrence",Brooklyn,NY,1,2283.8072
"Kerrie Morton",Pittsford,NY,1,2282.9650
"Onita Johns",Elmont,NY,2,2270.5392
"Nanette Roman",Glendora,CA,1,2259.3407
"Justina Jenkins",Baldwin,NY,1,2258.1215
"Zelda Pratt",Lancaster,NY,1,2252.9150
"Maximina Hutchinson","Corpus Christi",TX,1,2230.5485
"Loan Graham","Jackson Heights",NY,1,2228.2451
"Laurence Christian",Jamaica,NY,1,2222.8722
"Shanita Wiley","Saint Albans",NY,1,2217.6427
"Cira Downs",Oakland,CA,1,2214.0537
"Lavonda Stephenson","Bay Shore",NY,1,2208.9745
"Dane Mcdaniel",Canandaigua,NY,1,2205.7557
"Jacquline Duncan","Jackson Heights",NY,3,2201.6567
"Willetta Murphy","East Elmhurst",NY,1,2200.9444
"Honey Camacho",Bayside,NY,1,2200.8641
"Thad Castro",Brentwood,NY,1,2197.9500
"Rory Cooper",Rocklin,CA,1,2197.8920
"Tad Gardner","Niagara Falls",NY,1,2195.5747
"Divina Reeves",Newburgh,NY,1,2195.0517
"Willow Gardner",Pleasanton,CA,1,2190.5660
"Laureen Paul",Bellmore,NY,1,2165.0817
"Manie Sanchez",Queensbury,NY,1,2157.9160
"Pasquale Hogan",Vista,CA,1,2155.1720
"Elanor Patrick",Victoria,TX,1,2136.5310
"Emory O'connor",Rochester,NY,1,2135.0624
"Carlie Terrell",Yonkers,NY,1,2133.9264
"Vernetta Banks",Brooklyn,NY,1,2123.5632
"Selene Vega",Campbell,CA,1,2119.2590
"Collen Hayes",Smithtown,NY,1,2113.5840
